userName, userEmail, userPassword, userAdministrator
Alves20, alves5895@gmail.com, 24586542, true
Fulano, fulano46@gmail.com, teste1254, true
Carlos, carlos4@gmail.com, qa21545, true
Bia8, biacarla@gmail.com, qa87541, false
Elizasad, eliza93sad48@gmail.com, eliza5486, true
Lucasad, lucassad324@gmail.com, teste576516, true
Sicrano, sicrano23@gmail.com, rice2456, true